{"filesMd5":[{"page":"/config/index.js","md5":"43dbf70de3de8140f8043f0f883b0cdc"},{"page":"/mediator/index.js","md5":"165e817ced42c13f9c409d8a3fc57c59"},{"page":"/pages/index.js","md5":"55c26bbb659da441972222c36cb9a11d"},{"page":"/pages/test.js","md5":"3db8ea906e82fa7983bba66ee188c1db"},{"page":"/iconfont/font_1469606063_76593.ttf","md5":"f6222bcfedff4a817bb50df7a049d1db"},{"page":"/iconfont/font_1469606522_9417143.woff","md5":"6cf5490fd14ff83350ff952bb5b8e484"},{"page":"/iconfont/font_zn5b3jswpofuhaor.ttf","md5":"c0356b22e8235d2b0be8880cc81894cc"},{"page":"/iconfont/iconfont-eros.ttf","md5":"68780fad0047dc5b02cb613ebb08cda1"},{"page":"/iconfont/iconfont.ttf","md5":"ec86bfe5bdb872bad2b2af4f11da14f4"},{"page":"/assets/demo.jpg","md5":"332c4e7d5398207c1b49750369a72848"}],"android":"1.0.0","iOS":"1.0.0","appName":"eeros","jsVersion":"f15bf46e8cc212cd1a01e918d8e9463a","timestamp":1522050835639,"jsPath":"https://app.weex-eros.com/source"}
